-- MySQL Script generated by MySQL Workbench
-- Dom 04 Dez 2016 16:09:47 BRST
-- Model: New Model    Version: 1.0
-- MySQL Workbench Forward Engineering

SET @OLD_UNIQUE_CHECKS=@@UNIQUE_CHECKS, UNIQUE_CHECKS=0;
SET @OLD_FOREIGN_KEY_CHECKS=@@FOREIGN_KEY_CHECKS, FOREIGN_KEY_CHECKS=0;
SET @OLD_SQL_MODE=@@SQL_MODE, SQL_MODE='TRADITIONAL,ALLOW_INVALID_DATES';

-- -----------------------------------------------------
-- Schema BDODONTOSYSTEM
-- -----------------------------------------------------
DROP SCHEMA IF EXISTS `BDODONTOSYSTEM` ;

-- -----------------------------------------------------
-- Schema BDODONTOSYSTEM
-- -----------------------------------------------------
CREATE SCHEMA IF NOT EXISTS `BDODONTOSYSTEM` DEFAULT CHARACTER SET utf8 ;
SHOW WARNINGS;
USE `BDODONTOSYSTEM` ;

-- -----------------------------------------------------
-- Table `PESSOA`
-- -----------------------------------------------------
DROP TABLE IF EXISTS `PESSOA` ;

SHOW WARNINGS;
CREATE TABLE IF NOT EXISTS `PESSOA` (
  `PES_CODIGO` INT NOT NULL AUTO_INCREMENT,
  `PES_CPF` VARCHAR(11) NULL,
  `PES_IDENTIDADE` VARCHAR(9) NULL,
  `PES_NOME` VARCHAR(80) NULL,
  `PES_NASCIMENTO` DATE NULL,
  `PES_SEXO` ENUM('F', 'M') NULL,
  `PES_EMAIL` VARCHAR(45) NULL,
  `PES_DDD` CHAR(2) NULL,
  `PES_CEL` VARCHAR(9) NULL,
  `PES_TEL` VARCHAR(8) NULL,
  `PES_ATIVO` BIT NOT NULL DEFAULT 0,
  `PES_CADASTRO` TIMESTAMP NULL,
  `PES_ATUALIZACAO` TIMESTAMP NULL,
  PRIMARY KEY (`PES_CODIGO`))
ENGINE = InnoDB;

SHOW WARNINGS;
CREATE UNIQUE INDEX `PES_EMAIL_UNIQUE` ON `PESSOA` (`PES_EMAIL` ASC);

SHOW WARNINGS;
CREATE UNIQUE INDEX `PES_CPF_UNIQUE` ON `PESSOA` (`PES_CPF` ASC);

SHOW WARNINGS;
CREATE UNIQUE INDEX `PES_IDENTIDADE_UNIQUE` ON `PESSOA` (`PES_IDENTIDADE` ASC);

SHOW WARNINGS;

-- -----------------------------------------------------
-- Table `CARGO`
-- -----------------------------------------------------
DROP TABLE IF EXISTS `CARGO` ;

SHOW WARNINGS;
CREATE TABLE IF NOT EXISTS `CARGO` (
  `CAR_CODIGO` INT NOT NULL AUTO_INCREMENT,
  `CAR_FUNCAO` VARCHAR(45) NOT NULL,
  PRIMARY KEY (`CAR_CODIGO`))
ENGINE = InnoDB;

SHOW WARNINGS;
CREATE UNIQUE INDEX `CAR_FUNCAO_UNIQUE` ON `CARGO` (`CAR_FUNCAO` ASC);

SHOW WARNINGS;

-- -----------------------------------------------------
-- Table `FUNCIONARIO`
-- -----------------------------------------------------
DROP TABLE IF EXISTS `FUNCIONARIO` ;

SHOW WARNINGS;
CREATE TABLE IF NOT EXISTS `FUNCIONARIO` (
  `FUN_CODIGO` INT NOT NULL,
  `FUN_MATRICULA` VARCHAR(15) NULL,
  `CARGO_CAR_CODIGO` INT NOT NULL,
  PRIMARY KEY (`FUN_CODIGO`, `CARGO_CAR_CODIGO`),
  CONSTRAINT `fk_FUNCIONARIO_PESSOA`
    FOREIGN KEY (`FUN_CODIGO`)
    REFERENCES `PESSOA` (`PES_CODIGO`)
    ON DELETE NO ACTION
    ON UPDATE NO ACTION,
  CONSTRAINT `fk_FUNCIONARIO_CARGO`
    FOREIGN KEY (`CARGO_CAR_CODIGO`)
    REFERENCES `CARGO` (`CAR_CODIGO`)
    ON DELETE NO ACTION
    ON UPDATE NO ACTION)
ENGINE = InnoDB;

SHOW WARNINGS;

-- -----------------------------------------------------
-- Table `PACIENTE`
-- -----------------------------------------------------
DROP TABLE IF EXISTS `PACIENTE` ;

SHOW WARNINGS;
CREATE TABLE IF NOT EXISTS `PACIENTE` (
  `PAC_CODIGO` INT NOT NULL,
  `FUNCIONARIO_FUN_CODIGO` INT NULL,
  PRIMARY KEY (`PAC_CODIGO`),
  CONSTRAINT `fk_PACIENTE_PESSOA`
    FOREIGN KEY (`PAC_CODIGO`)
    REFERENCES `PESSOA` (`PES_CODIGO`)
    ON DELETE NO ACTION
    ON UPDATE RESTRICT,
  CONSTRAINT `fk_PACIENTE_FUNCIONARIO`
    FOREIGN KEY (`FUNCIONARIO_FUN_CODIGO`)
    REFERENCES `FUNCIONARIO` (`FUN_CODIGO`)
    ON DELETE NO ACTION
    ON UPDATE NO ACTION)
ENGINE = InnoDB
COMMENT = 'Tirei a CHAVE PRIMARIA e o NOT NULL do atributo FUNCIONARIO_FUN_CODIGO, depois colocarei novamente';

SHOW WARNINGS;

-- -----------------------------------------------------
-- Table `ENDERECO`
-- -----------------------------------------------------
DROP TABLE IF EXISTS `ENDERECO` ;

SHOW WARNINGS;
CREATE TABLE IF NOT EXISTS `ENDERECO` (
  `END_CODIGO` INT NOT NULL,
  `END_ORDEM` TINYINT NULL DEFAULT 1,
  `END_CEP` VARCHAR(8) NULL,
  `END_LOGRADOURO` VARCHAR(80) NULL,
  `END_NUMERO` VARCHAR(6) NULL,
  `END_COMPLEMENTO` VARCHAR(30) NULL,
  `END_BAIRRO` VARCHAR(30) NULL,
  `END_CIDADE` VARCHAR(30) NULL,
  `END_UF` VARCHAR(3) NULL,
  `END_ATIVO` BIT NOT NULL DEFAULT 0,
  `END_CADASTRO` TIMESTAMP NULL,
  `END_ATUALIZACAO` TIMESTAMP NULL,
  CONSTRAINT `fk_ENDERECO_PESSOA`
    FOREIGN KEY (`END_CODIGO`)
    REFERENCES `PESSOA` (`PES_CODIGO`)
    ON DELETE RESTRICT
    ON UPDATE RESTRICT)
ENGINE = InnoDB
COMMENT = 'Tirei o NOT NULL do campo END_ORDEM e depois colocarei novamente.';

SHOW WARNINGS;

-- -----------------------------------------------------
-- Table `USUARIO`
-- -----------------------------------------------------
DROP TABLE IF EXISTS `USUARIO` ;

SHOW WARNINGS;
CREATE TABLE IF NOT EXISTS `USUARIO` (
  `US_CODIGO` INT NOT NULL,
  `US_NOME` VARCHAR(45) NOT NULL,
  `US_SENHA` VARCHAR(45) NOT NULL,
  `US_NIVEL` VARCHAR(20) NULL,
  `US_ATIVO` BIT NOT NULL DEFAULT 0,
  PRIMARY KEY (`US_CODIGO`),
  CONSTRAINT `fk_USUARIO_FUNCIONARIO`
    FOREIGN KEY (`US_CODIGO`)
    REFERENCES `FUNCIONARIO` (`FUN_CODIGO`)
    ON DELETE NO ACTION
    ON UPDATE NO ACTION)
ENGINE = InnoDB;

SHOW WARNINGS;
CREATE UNIQUE INDEX `US_NOME_UNIQUE` ON `USUARIO` (`US_NOME` ASC);

SHOW WARNINGS;

-- -----------------------------------------------------
-- Table `ODONTOLOGISTA`
-- -----------------------------------------------------
DROP TABLE IF EXISTS `ODONTOLOGISTA` ;

SHOW WARNINGS;
CREATE TABLE IF NOT EXISTS `ODONTOLOGISTA` (
  `MED_CODIGO` INT NOT NULL,
  `MED_CRO` CHAR(15) NOT NULL,
  PRIMARY KEY (`MED_CODIGO`),
  CONSTRAINT `fk_ODONTOLOGISTA_FUNCIONARIO`
    FOREIGN KEY (`MED_CODIGO`)
    REFERENCES `FUNCIONARIO` (`FUN_CODIGO`)
    ON DELETE NO ACTION
    ON UPDATE NO ACTION)
ENGINE = InnoDB;

SHOW WARNINGS;

-- -----------------------------------------------------
-- Table `AGENDA`
-- -----------------------------------------------------
DROP TABLE IF EXISTS `AGENDA` ;

SHOW WARNINGS;
CREATE TABLE IF NOT EXISTS `AGENDA` (
  `AG_CODIGO` INT NOT NULL AUTO_INCREMENT,
  `AG_DATA` DATE NOT NULL,
  `AG_HORA` TIME NOT NULL,
  `AG_AGENDADO` BIT NULL COMMENT 'Campo criado para determinar se nesse dia e horário o médico possui algum paciente agendado.',
  `AG_ATIVO` BIT NOT NULL DEFAULT 0,
  `AG_CADASTRO` DATETIME NULL,
  `AG_ATUALIZACAO` DATETIME NULL,
  `PACIENTE_PAC_CODIGO` INT NOT NULL,
  `ODONTOLOGISTA_MED_CODIGO` INT NOT NULL,
  `FUNCIONARIO_FUN_CODIGO` INT NOT NULL,
  PRIMARY KEY (`AG_CODIGO`),
  CONSTRAINT `fk_AGENDA_PACIENTE`
    FOREIGN KEY (`PACIENTE_PAC_CODIGO`)
    REFERENCES `PACIENTE` (`PAC_CODIGO`)
    ON DELETE NO ACTION
    ON UPDATE NO ACTION,
  CONSTRAINT `fk_AGENDA_ODONTOLOGISTA`
    FOREIGN KEY (`ODONTOLOGISTA_MED_CODIGO`)
    REFERENCES `ODONTOLOGISTA` (`MED_CODIGO`)
    ON DELETE NO ACTION
    ON UPDATE NO ACTION,
  CONSTRAINT `fk_AGENDA_FUNCIONARIO`
    FOREIGN KEY (`FUNCIONARIO_FUN_CODIGO`)
    REFERENCES `FUNCIONARIO` (`FUN_CODIGO`)
    ON DELETE NO ACTION
    ON UPDATE NO ACTION)
ENGINE = InnoDB;

SHOW WARNINGS;

-- -----------------------------------------------------
-- Table `TRATAMENTO`
-- -----------------------------------------------------
DROP TABLE IF EXISTS `TRATAMENTO` ;

SHOW WARNINGS;
CREATE TABLE IF NOT EXISTS `TRATAMENTO` (
  `TRA_CODIGO` INT NOT NULL AUTO_INCREMENT,
  `TRA_DESCRICAO` VARCHAR(100) NOT NULL,
  `TRA_ATIVO` BIT NOT NULL DEFAULT 0,
  `PACIENTE_PAC_CODIGO` INT NOT NULL,
  PRIMARY KEY (`TRA_CODIGO`),
  CONSTRAINT `fk_TRATAMENTO_PACIENTE`
    FOREIGN KEY (`PACIENTE_PAC_CODIGO`)
    REFERENCES `PACIENTE` (`PAC_CODIGO`)
    ON DELETE RESTRICT
    ON UPDATE NO ACTION)
ENGINE = InnoDB;

SHOW WARNINGS;

-- -----------------------------------------------------
-- Table `CONSULTA`
-- -----------------------------------------------------
DROP TABLE IF EXISTS `CONSULTA` ;

SHOW WARNINGS;
CREATE TABLE IF NOT EXISTS `CONSULTA` (
  `CON_CODIGO` INT NOT NULL AUTO_INCREMENT,
  `CON_CONFIRMADO` BIT NULL,
  `CON_ATIVO` BIT NOT NULL DEFAULT 0,
  `CON_CADASTRO` TIMESTAMP NULL,
  `CON_ATUALIZACAO` TIMESTAMP NULL,
  `PACIENTE_PAC_CODIGO` INT NOT NULL,
  `ODONTOLOGISTA_MED_CODIGO` INT NOT NULL,
  PRIMARY KEY (`CON_CODIGO`, `ODONTOLOGISTA_MED_CODIGO`),
  CONSTRAINT `fk_CONSULTA_PACIENTE`
    FOREIGN KEY (`PACIENTE_PAC_CODIGO`)
    REFERENCES `PACIENTE` (`PAC_CODIGO`)
    ON DELETE RESTRICT
    ON UPDATE RESTRICT,
  CONSTRAINT `fk_CONSULTA_ODONTOLOGISTA`
    FOREIGN KEY (`ODONTOLOGISTA_MED_CODIGO`)
    REFERENCES `ODONTOLOGISTA` (`MED_CODIGO`)
    ON DELETE NO ACTION
    ON UPDATE NO ACTION)
ENGINE = InnoDB;

SHOW WARNINGS;

-- -----------------------------------------------------
-- Table `HISTORICO`
-- -----------------------------------------------------
DROP TABLE IF EXISTS `HISTORICO` ;

SHOW WARNINGS;
CREATE TABLE IF NOT EXISTS `HISTORICO` (
  `HIS_CODIGO` INT NOT NULL,
  `HIS_DESCRICAO` VARCHAR(100) NULL,
  `HIS_DATA` DATE NULL,
  `HIS_HORA` TIME NULL,
  `HIS_ATIVO` BIT NULL DEFAULT 0,
  PRIMARY KEY (`HIS_CODIGO`),
  CONSTRAINT `fk_HISTORICO_CONSULTA`
    FOREIGN KEY (`HIS_CODIGO`)
    REFERENCES `CONSULTA` (`CON_CODIGO`)
    ON DELETE RESTRICT
    ON UPDATE RESTRICT)
ENGINE = InnoDB;

SHOW WARNINGS;

-- -----------------------------------------------------
-- Table `EXAME`
-- -----------------------------------------------------
DROP TABLE IF EXISTS `EXAME` ;

SHOW WARNINGS;
CREATE TABLE IF NOT EXISTS `EXAME` (
  `EX_CODIGO` INT NOT NULL AUTO_INCREMENT,
  `EX_DATA` DATE NOT NULL,
  `EX_HORA` TIME NOT NULL,
  `EX_TIPO` VARCHAR(50) NOT NULL,
  `EX_ATIVO` BIT NOT NULL DEFAULT 0,
  `PACIENTE_PAC_CODIGO` INT NOT NULL,
  PRIMARY KEY (`EX_CODIGO`),
  CONSTRAINT `fk_EXAME_PACIENTE`
    FOREIGN KEY (`PACIENTE_PAC_CODIGO`)
    REFERENCES `PACIENTE` (`PAC_CODIGO`)
    ON DELETE NO ACTION
    ON UPDATE NO ACTION)
ENGINE = InnoDB;

SHOW WARNINGS;

-- -----------------------------------------------------
-- Table `PLANO`
-- -----------------------------------------------------
DROP TABLE IF EXISTS `PLANO` ;

SHOW WARNINGS;
CREATE TABLE IF NOT EXISTS `PLANO` (
  `PL_CODIGO` INT NOT NULL AUTO_INCREMENT,
  `PL_CONVENIO` VARCHAR(45) NOT NULL,
  `PL_ATIVO` BIT NOT NULL DEFAULT 0,
  PRIMARY KEY (`PL_CODIGO`))
ENGINE = InnoDB;

SHOW WARNINGS;
CREATE UNIQUE INDEX `PL_CONVENIO_UNIQUE` ON `PLANO` (`PL_CONVENIO` ASC);

SHOW WARNINGS;

-- -----------------------------------------------------
-- Table `CONVENIADO`
-- -----------------------------------------------------
DROP TABLE IF EXISTS `CONVENIADO` ;

SHOW WARNINGS;
CREATE TABLE IF NOT EXISTS `CONVENIADO` (
  `CON_CODIGO` INT NOT NULL,
  `CON_NUMERO` VARCHAR(30) NULL,
  `CON_VALIDADE` DATE NULL,
  `CON_COBERTURA` VARCHAR(45) NULL,
  `CON_OBSERVACAO` VARCHAR(100) NULL,
  `CON_ATIVO` BIT NOT NULL DEFAULT 0,
  `PLANO_PL_CODIGO` INT NOT NULL,
  PRIMARY KEY (`CON_CODIGO`, `PLANO_PL_CODIGO`),
  CONSTRAINT `fk_CONVENIO_PLANO`
    FOREIGN KEY (`PLANO_PL_CODIGO`)
    REFERENCES `PLANO` (`PL_CODIGO`)
    ON DELETE NO ACTION
    ON UPDATE RESTRICT,
  CONSTRAINT `fk_CONVENIADO_PACIENTE`
    FOREIGN KEY (`CON_CODIGO`)
    REFERENCES `PACIENTE` (`PAC_CODIGO`)
    ON DELETE NO ACTION
    ON UPDATE NO ACTION)
ENGINE = InnoDB;

SHOW WARNINGS;

-- -----------------------------------------------------
-- Table `DENTE`
-- -----------------------------------------------------
DROP TABLE IF EXISTS `DENTE` ;

SHOW WARNINGS;
CREATE TABLE IF NOT EXISTS `DENTE` (
  `DEN_CODIGO` INT NOT NULL AUTO_INCREMENT,
  `DEN_DESCRICAO` VARCHAR(45) NULL,
  `DEN_NUMERO` TINYINT NULL,
  `DEN_RAIOX` VARCHAR(80) NULL,
  `DEN_ATIVO` BIT NOT NULL DEFAULT 0,
  `PACIENTE_PAC_CODIGO` INT NOT NULL,
  PRIMARY KEY (`DEN_CODIGO`),
  CONSTRAINT `fk_ARCADA_PACIENTE`
    FOREIGN KEY (`PACIENTE_PAC_CODIGO`)
    REFERENCES `PACIENTE` (`PAC_CODIGO`)
    ON DELETE NO ACTION
    ON UPDATE NO ACTION)
ENGINE = InnoDB;

SHOW WARNINGS;

-- -----------------------------------------------------
-- Table `PAGAMENTO`
-- -----------------------------------------------------
DROP TABLE IF EXISTS `PAGAMENTO` ;

SHOW WARNINGS;
CREATE TABLE IF NOT EXISTS `PAGAMENTO` (
  `PAG_CODIGO` INT NOT NULL AUTO_INCREMENT,
  `PAG_FORMA` VARCHAR(45) NULL,
  `PAG_VALOR` VARCHAR(45) NULL,
  `PAG_ATIVO` BIT NOT NULL DEFAULT 0,
  `PACIENTE_PAC_CODIGO` INT NOT NULL,
  PRIMARY KEY (`PAG_CODIGO`),
  CONSTRAINT `fk_PAGAMENTO_PACIENTE`
    FOREIGN KEY (`PACIENTE_PAC_CODIGO`)
    REFERENCES `PACIENTE` (`PAC_CODIGO`)
    ON DELETE RESTRICT
    ON UPDATE NO ACTION)
ENGINE = InnoDB;

SHOW WARNINGS;

SET SQL_MODE=@OLD_SQL_MODE;
SET FOREIGN_KEY_CHECKS=@OLD_FOREIGN_KEY_CHECKS;
SET UNIQUE_CHECKS=@OLD_UNIQUE_CHECKS;




START TRANSACTION;
USE `BDODONTOSYSTEM`;
INSERT INTO `PESSOA` (`PES_CODIGO`, `PES_CPF`, `PES_IDENTIDADE`, `PES_NOME`, `PES_NASCIMENTO`, `PES_SEXO`, `PES_EMAIL`, `PES_DDD`, `PES_CEL`, `PES_TEL`, `PES_ATIVO`, `PES_CADASTRO`, `PES_ATUALIZACAO`) VALUES (1, '12880085705', '241968411', 'Mario Glaucon', '1990-01-01', 'M', 'mglaucon@gmail.com', '21', '944559010', '33212244', 0, '2016-10-01 14:20:00', '2016-10-01 14:20:00');
INSERT INTO `PESSOA` (`PES_CODIGO`, `PES_CPF`, `PES_IDENTIDADE`, `PES_NOME`, `PES_NASCIMENTO`, `PES_SEXO`, `PES_EMAIL`, `PES_DDD`, `PES_CEL`, `PES_TEL`, `PES_ATIVO`, `PES_CADASTRO`, `PES_ATUALIZACAO`) VALUES (2, '12209904598', '233212998', 'Gilson Pitanga', '1970-01-01', 'M', 'gpseletrica@gmail.com', '21', '989833842', '33243553', 0, '2016-03-04 11:20:32', '2016-03-04 11:20:32');
INSERT INTO `PESSOA` (`PES_CODIGO`, `PES_CPF`, `PES_IDENTIDADE`, `PES_NOME`, `PES_NASCIMENTO`, `PES_SEXO`, `PES_EMAIL`, `PES_DDD`, `PES_CEL`, `PES_TEL`, `PES_ATIVO`, `PES_CADASTRO`, `PES_ATUALIZACAO`) VALUES (3, '19486950645', '285968476', 'Juliana Alves', '1992-03-03', 'F', 'juju92@gmail.com', '21', '958697859', '32324409', 0, '2016-03-08 12:25:34', '2016-03-08 12:25:34');
INSERT INTO `PESSOA` (`PES_CODIGO`, `PES_CPF`, `PES_IDENTIDADE`, `PES_NOME`, `PES_NASCIMENTO`, `PES_SEXO`, `PES_EMAIL`, `PES_DDD`, `PES_CEL`, `PES_TEL`, `PES_ATIVO`, `PES_CADASTRO`, `PES_ATUALIZACAO`) VALUES (4, '19884858677', '204968848', 'Mariala Silva', '1989-07-05', 'F', 'marininha@gmail.com', '21', '986958486', '39506857', 0, '2016-07-06 17:20:10', '2016-07-06 17:20:10');
INSERT INTO `PESSOA` (`PES_CODIGO`, `PES_CPF`, `PES_IDENTIDADE`, `PES_NOME`, `PES_NASCIMENTO`, `PES_SEXO`, `PES_EMAIL`, `PES_DDD`, `PES_CEL`, `PES_TEL`, `PES_ATIVO`, `PES_CADASTRO`, `PES_ATUALIZACAO`) VALUES (5, '12948586757', '230495968', 'Raquel Soares', '1993-06-26', 'F', 'raquelbb@gmail.com', '21', '985049587', '22349596', 0, '2016-11-20 22:30:20', '2016-11-20 22:30:20');
INSERT INTO `PESSOA` (`PES_CODIGO`, `PES_CPF`, `PES_IDENTIDADE`, `PES_NOME`, `PES_NASCIMENTO`, `PES_SEXO`, `PES_EMAIL`, `PES_DDD`, `PES_CEL`, `PES_TEL`, `PES_ATIVO`, `PES_CADASTRO`, `PES_ATUALIZACAO`) VALUES (6, '12847563758', '204968677', 'Junior Santos', '1980-04-15', 'M', 'juniorsantos@gmail.com', '21', '986954868', '29485868', 0, '2016-11-02 10:30:10', '2016-11-02 10:30:10');
INSERT INTO `PESSOA` (`PES_CODIGO`, `PES_CPF`, `PES_IDENTIDADE`, `PES_NOME`, `PES_NASCIMENTO`, `PES_SEXO`, `PES_EMAIL`, `PES_DDD`, `PES_CEL`, `PES_TEL`, `PES_ATIVO`, `PES_CADASTRO`, `PES_ATUALIZACAO`) VALUES (7, '14859785869', '234958687', 'Juca Sergio', '1975-03-12', 'M', 'juquinha@gmail.com', '21', '985768788', '29486768', 0, '2016-12-10 06:20:22', '2016-12-10 06:20:22');
INSERT INTO `PESSOA` (`PES_CODIGO`, `PES_CPF`, `PES_IDENTIDADE`, `PES_NOME`, `PES_NASCIMENTO`, `PES_SEXO`, `PES_EMAIL`, `PES_DDD`, `PES_CEL`, `PES_TEL`, `PES_ATIVO`, `PES_CADASTRO`, `PES_ATUALIZACAO`) VALUES (8, '13857676847', '258486978', 'Bianca Salvador', '1996-10-10', 'F', 'biazinha@gmail.com', '21', '987656786', '23235636', 0, '2016-11-29 11:30:22', '2016-11-29 11:30:22');

COMMIT;


-- -----------------------------------------------------
-- Data for table `CARGO`
-- -----------------------------------------------------
START TRANSACTION;
USE `BDODONTOSYSTEM`;
INSERT INTO `CARGO` (`CAR_CODIGO`, `CAR_FUNCAO`) VALUES (1, 'Recepcionista');
INSERT INTO `CARGO` (`CAR_CODIGO`, `CAR_FUNCAO`) VALUES (2, 'Odontologista');
INSERT INTO `CARGO` (`CAR_CODIGO`, `CAR_FUNCAO`) VALUES (3, 'Faxineira');
INSERT INTO `CARGO` (`CAR_CODIGO`, `CAR_FUNCAO`) VALUES (4, 'Tecnico');
INSERT INTO `CARGO` (`CAR_CODIGO`, `CAR_FUNCAO`) VALUES (5, 'Gerente');
INSERT INTO `CARGO` (`CAR_CODIGO`, `CAR_FUNCAO`) VALUES (6, 'Auxiliar');

COMMIT;


-- -----------------------------------------------------
-- Data for table `FUNCIONARIO`
-- -----------------------------------------------------
START TRANSACTION;
USE `BDODONTOSYSTEM`;
INSERT INTO `FUNCIONARIO` (`FUN_CODIGO`, `FUN_MATRICULA`, `CARGO_CAR_CODIGO`) VALUES (1, '201301018775', 5);
INSERT INTO `FUNCIONARIO` (`FUN_CODIGO`, `FUN_MATRICULA`, `CARGO_CAR_CODIGO`) VALUES (2, '201301075968', 5);
INSERT INTO `FUNCIONARIO` (`FUN_CODIGO`, `FUN_MATRICULA`, `CARGO_CAR_CODIGO`) VALUES (3, '201560785879', 2);
INSERT INTO `FUNCIONARIO` (`FUN_CODIGO`, `FUN_MATRICULA`, `CARGO_CAR_CODIGO`) VALUES (4, '201684869406', 2);
INSERT INTO `FUNCIONARIO` (`FUN_CODIGO`, `FUN_MATRICULA`, `CARGO_CAR_CODIGO`) VALUES (5, '201504959405', 1);

COMMIT;


-- -----------------------------------------------------
-- Data for table `PACIENTE`
-- -----------------------------------------------------
START TRANSACTION;
USE `BDODONTOSYSTEM`;
INSERT INTO `PACIENTE` (`PAC_CODIGO`, `FUNCIONARIO_FUN_CODIGO`) VALUES (6, 1);
INSERT INTO `PACIENTE` (`PAC_CODIGO`, `FUNCIONARIO_FUN_CODIGO`) VALUES (7, 1);
INSERT INTO `PACIENTE` (`PAC_CODIGO`, `FUNCIONARIO_FUN_CODIGO`) VALUES (8, 1);

COMMIT;


-- -----------------------------------------------------
-- Data for table `ENDERECO`
-- -----------------------------------------------------
START TRANSACTION;
USE `BDODONTOSYSTEM`;
INSERT INTO `ENDERECO` (`END_CODIGO`, `END_ORDEM`, `END_CEP`, `END_LOGRADOURO`, `END_NUMERO`, `END_COMPLEMENTO`, `END_BAIRRO`, `END_CIDADE`, `END_UF`, `END_ATIVO`, `END_CADASTRO`, `END_ATUALIZACAO`) VALUES (1, 1, '24750040', 'Rua Padre Manoel de Sá', '190', 'Lote 15', 'Tribobó', 'São Gonçalo', 'RJ', 0, '2016-10-01 14:20:00', '2016-10-01 14:20:00');
INSERT INTO `ENDERECO` (`END_CODIGO`, `END_ORDEM`, `END_CEP`, `END_LOGRADOURO`, `END_NUMERO`, `END_COMPLEMENTO`, `END_BAIRRO`, `END_CIDADE`, `END_UF`, `END_ATIVO`, `END_CADASTRO`, `END_ATUALIZACAO`) VALUES (2, 1, '23049586', 'Rua do Beto dos Loucos', '22', 'Lote 171 Quadra 24', 'Itaúna', 'São Gonçalo', 'RJ', 0, '2016-03-04 11:20:32', '2016-03-04 11:20:32');
INSERT INTO `ENDERECO` (`END_CODIGO`, `END_ORDEM`, `END_CEP`, `END_LOGRADOURO`, `END_NUMERO`, `END_COMPLEMENTO`, `END_BAIRRO`, `END_CIDADE`, `END_UF`, `END_ATIVO`, `END_CADASTRO`, `END_ATUALIZACAO`) VALUES (3, 1, '25304596', 'Rua Esconderijo dos Sumidos', '130', 'Lote 20', 'Centro', 'Niterói', 'RJ', 0, '2016-03-08 12:25:34', '2016-03-08 12:25:34');
INSERT INTO `ENDERECO` (`END_CODIGO`, `END_ORDEM`, `END_CEP`, `END_LOGRADOURO`, `END_NUMERO`, `END_COMPLEMENTO`, `END_BAIRRO`, `END_CIDADE`, `END_UF`, `END_ATIVO`, `END_CADASTRO`, `END_ATUALIZACAO`) VALUES (4, 1, '23940593', 'Av Borjes Santos', '22', '', 'Itaipú', 'Niterói', 'RJ', 0, '2016-07-06 17:20:10', '2016-07-06 17:20:10');
INSERT INTO `ENDERECO` (`END_CODIGO`, `END_ORDEM`, `END_CEP`, `END_LOGRADOURO`, `END_NUMERO`, `END_COMPLEMENTO`, `END_BAIRRO`, `END_CIDADE`, `END_UF`, `END_ATIVO`, `END_CADASTRO`, `END_ATUALIZACAO`) VALUES (5, 1, '25405960', 'Av Antonio Carlos', '300', '', 'Centro', 'Rio de Janeiro', 'RJ', 0, '2016-11-20 22:30:20', '2016-11-20 22:30:20');

COMMIT;


-- -----------------------------------------------------
-- Data for table `USUARIO`
-- -----------------------------------------------------
START TRANSACTION;
USE `BDODONTOSYSTEM`;
INSERT INTO `USUARIO` (`US_CODIGO`, `US_NOME`, `US_SENHA`, `US_NIVEL`, `US_ATIVO`) VALUES (1, 'Mario Glaucon', '123', 'ADMIN', 0);
INSERT INTO `USUARIO` (`US_CODIGO`, `US_NOME`, `US_SENHA`, `US_NIVEL`, `US_ATIVO`) VALUES (2, 'Gilson Pitanga', '123', 'ADMIN', 0);
INSERT INTO `USUARIO` (`US_CODIGO`, `US_NOME`, `US_SENHA`, `US_NIVEL`, `US_ATIVO`) VALUES (3, 'Juliana Alves', '123', 'PADRAO', 0);
INSERT INTO `USUARIO` (`US_CODIGO`, `US_NOME`, `US_SENHA`, `US_NIVEL`, `US_ATIVO`) VALUES (4, 'Mariala Silva', '123', 'PADRAO', 0);
INSERT INTO `USUARIO` (`US_CODIGO`, `US_NOME`, `US_SENHA`, `US_NIVEL`, `US_ATIVO`) VALUES (5, 'Raquel Soares', '123', 'PADRAO', 0);

COMMIT;


-- -----------------------------------------------------
-- Data for table `ODONTOLOGISTA`
-- -----------------------------------------------------
START TRANSACTION;
USE `BDODONTOSYSTEM`;
INSERT INTO `ODONTOLOGISTA` (`MED_CODIGO`, `MED_CRO`) VALUES (3, '26.440/RJ');
INSERT INTO `ODONTOLOGISTA` (`MED_CODIGO`, `MED_CRO`) VALUES (4, '25.4006/RJ');

COMMIT;


-- -----------------------------------------------------
-- Data for table `PLANO`
-- -----------------------------------------------------
START TRANSACTION;
USE `BDODONTOSYSTEM`;
INSERT INTO `PLANO` (`PL_CODIGO`, `PL_CONVENIO`, `PL_ATIVO`) VALUES (1, 'Unimed Rio', 0);
INSERT INTO `PLANO` (`PL_CODIGO`, `PL_CONVENIO`, `PL_ATIVO`) VALUES (2, 'Amil', 0);
INSERT INTO `PLANO` (`PL_CODIGO`, `PL_CONVENIO`, `PL_ATIVO`) VALUES (3, 'Assim', 0);
INSERT INTO `PLANO` (`PL_CODIGO`, `PL_CONVENIO`, `PL_ATIVO`) VALUES (4, 'Bradesco', 0);
INSERT INTO `PLANO` (`PL_CODIGO`, `PL_CONVENIO`, `PL_ATIVO`) VALUES (5, 'Golden Cross', 0);
INSERT INTO `PLANO` (`PL_CODIGO`, `PL_CONVENIO`, `PL_ATIVO`) VALUES (6, 'Intermedica', 0);
INSERT INTO `PLANO` (`PL_CODIGO`, `PL_CONVENIO`, `PL_ATIVO`) VALUES (7, 'Sulamerica', 0);
INSERT INTO `PLANO` (`PL_CODIGO`, `PL_CONVENIO`, `PL_ATIVO`) VALUES (8, 'Medical Rio', 0);

COMMIT;


-- -----------------------------------------------------
-- Data for table `CONVENIADO`
-- -----------------------------------------------------
START TRANSACTION;
USE `BDODONTOSYSTEM`;
INSERT INTO `CONVENIADO` (`CON_CODIGO`, `CON_NUMERO`, `CON_VALIDADE`, `CON_COBERTURA`, `CON_OBSERVACAO`, `CON_ATIVO`, `PLANO_PL_CODIGO`) VALUES (6, '0 069 394684869648 7', '2017-12-10', 'Nacional', '', 0, 1);
INSERT INTO `CONVENIADO` (`CON_CODIGO`, `CON_NUMERO`, `CON_VALIDADE`, `CON_COBERTURA`, `CON_OBSERVACAO`, `CON_ATIVO`, `PLANO_PL_CODIGO`) VALUES (7, '0 958 304968460694 4', '2018-01-30', 'Nacional', '', 0, 5);
INSERT INTO `CONVENIADO` (`CON_CODIGO`, `CON_NUMERO`, `CON_VALIDADE`, `CON_COBERTURA`, `CON_OBSERVACAO`, `CON_ATIVO`, `PLANO_PL_CODIGO`) VALUES (8, '0 687 596076849684 5', '2019-10-21', 'Nacional', '', 0, 8);

COMMIT;
